<?xml version="1.0" encoding="UTF-8"?>
<!DOCTYPE generatorConfiguration    
  PUBLIC "-//mybatis.org//DTD MyBatis Generator Configuration 1.0//EN"    
  "http://mybatis.org/dtd/mybatis-generator-config_1_0.dtd">    
<generatorConfiguration>    
    <classPathEntry  location="mysql-connector-java-5.1.5-bin.jar"/>    
    <context id="DB2Tables"  targetRuntime="MyBatis3">    
        <commentGenerator>    
            <property name="suppressDate" value="true"/>    
            <property name="suppressAllComments" value="true"/>    
        </commentGenerator>    
   
        <jdbcConnection driverClass="com.mysql.jdbc.Driver" connectionURL="jdbc:mysql://127.0.0.1:3306/yun_db" userId="root" password="root">    
        </jdbcConnection>    
        <javaTypeResolver>    
            <property name="forceBigDecimals" value="false"/>    
        </javaTypeResolver>    
 
        <javaModelGenerator targetPackage="com.facebac.model" targetProject="src">    
            <property name="enableSubPackages" value="true"/>    
            <property name="trimStrings" value="true"/>    
        </javaModelGenerator>    
  
        <sqlMapGenerator targetPackage="com.facebac.mapping" targetProject="src">    
            <property name="enableSubPackages" value="true"/>    
        </sqlMapGenerator>    
   
        <javaClientGenerator type="XMLMAPPER" targetPackage="com.facebac.dao" targetProject="src">    
            <property name="enableSubPackages" value="true"/>    
        </javaClientGenerator>    
    
        <table tableName="cdn_api" domainObjectName="CdnApi" enableCountByExample="false" enableUpdateByExample="false" enableDeleteByExample="false" enableSelectByExample="false" selectByExampleQueryId="false"></table>  
    </context>    
</generatorConfiguration>